,fecha,objective,metric,first_metric_only,boost_from_average,feature_pre_filter,verbosity,seed,max_depth,min_gain_to_split,lambda_l1,lambda_l2,max_bin,num_iterations,force_row_wise,learning_rate,feature_fraction,min_data_in_leaf,num_leaves,prob_corte,ganancia,iteracion
20220522,181228,binary,custom,TRUE,TRUE,FALSE,-100,999983,-1,0,0,0,31,55,TRUE,"0,067902582481853","0,822977572930977",1603,433,"0,047359839440226",8165000,1
20220522,181255,binary,custom,TRUE,TRUE,FALSE,-100,999983,-1,0,0,0,31,21,TRUE,"0,222807267547119","0,588682651529089",3843,668,"0,025105007312474",12113000,2
20220522,181326,binary,custom,TRUE,TRUE,FALSE,-100,999983,-1,0,0,0,31,35,TRUE,"0,260918522758875","0,355004550069571",5410,917,"0,019036234878392",12883000,3
20220522,181415,binary,custom,TRUE,TRUE,FALSE,-100,999983,-1,0,0,0,31,100,TRUE,"0,109431917265989","0,736977459993214",4966,510,"0,008974101762093",11821000,4
20220522,181446,binary,custom,TRUE,TRUE,FALSE,-100,999983,-1,0,0,0,31,27,TRUE,"0,175656293308595","0,612898837113753",3433,197,"0,029160059993834",11771000,5
20220522,181515,binary,custom,TRUE,TRUE,FALSE,-100,999983,-1,0,0,0,31,28,TRUE,"0,187448265851592","0,697021176293492",3197,743,"0,034328984207241",10467000,6
20220522,181557,binary,custom,TRUE,TRUE,FALSE,-100,999983,-1,0,0,0,31,63,TRUE,"0,08732051211514","0,267596267238259",7604,613,"0,021826728825302",12698000,7
20220522,181650,binary,custom,TRUE,TRUE,FALSE,-100,999983,-1,0,0,0,31,52,TRUE,"0,073150282302522","0,38086701489985",2111,524,"0,043609621510162",9005000,8
20220522,181715,binary,custom,TRUE,TRUE,FALSE,-100,999983,-1,0,0,0,31,17,TRUE,"0,280932717137854","0,440582149028778",6431,253,"0,029545903166581",11502000,9
20220522,181746,binary,custom,TRUE,TRUE,FALSE,-100,999983,-1,0,0,0,31,50,TRUE,"0,153067659467226","0,765518574174494",5935,275,"0,037851813253171",10245000,10
20220522,181818,binary,custom,TRUE,TRUE,FALSE,-100,999983,-1,0,0,0,31,20,TRUE,"0,158021625578403","0,494702687570825",4267,65,"0,011874835508934",12768000,11
20220522,181854,binary,custom,TRUE,TRUE,FALSE,-100,999983,-1,0,0,0,31,34,TRUE,"0,200847621335066","0,222716274764389",933,853,"0,032383026350969",9504000,12
20220522,181918,binary,custom,TRUE,TRUE,FALSE,-100,999983,-1,0,0,0,31,24,TRUE,"0,298420544812339","0,909808382568881",4412,780,"0,02299816916493",11903000,13
20220522,181940,binary,custom,TRUE,TRUE,FALSE,-100,999983,-1,0,0,0,31,69,TRUE,"0,238890182403731","0,553252125596628",4,95,"0,041312804981135",2910000,14
20220522,182259,binary,custom,TRUE,TRUE,FALSE,-100,999983,-1,0,0,0,31,522,TRUE,"0,014611934957909","0,952147117033601",7030,685,"0,035557185361298",10874000,15
20220522,182340,binary,custom,TRUE,TRUE,FALSE,-100,999983,-1,0,0,0,31,34,TRUE,"0,116746183885611","0,67839965660125",1582,1011,"0,048099299176344",8543000,16
20220522,182601,binary,custom,TRUE,TRUE,FALSE,-100,999983,-1,0,0,0,31,120,TRUE,"0,027660725029535","0,995547753255814",534,320,"0,014046066429971",13170000,17
20220522,182636,binary,custom,TRUE,TRUE,FALSE,-100,999983,-1,0,0,0,31,52,TRUE,"0,139968721403508","0,296032486818731",6097,382,"0,045758546123398",8287000,18
20220522,182656,binary,custom,TRUE,TRUE,FALSE,-100,999983,-1,0,0,0,31,20,TRUE,"0,24951448782743","0,86486362259835",7272,165,"0,017401752553027",12842000,19
20220522,182830,binary,custom,TRUE,TRUE,FALSE,-100,999983,-1,0,0,0,31,153,TRUE,"0,050041466544266","0,425266976477578",2723,955,"0,016651067258984",13271000,20
20220522,183222,binary,custom,TRUE,TRUE,FALSE,-100,999983,-1,0,0,0,31,345,TRUE,"0,010518367602555","0,714428094041659",2946,175,"0,019229400045686",13009000,21
20220522,183320,binary,custom,TRUE,TRUE,FALSE,-100,999983,-1,0,0,0,31,98,TRUE,"0,070571059342392","0,200229431252407",1964,411,"0,016070210033732",13155000,22
20220522,183417,binary,custom,TRUE,TRUE,FALSE,-100,999983,-1,0,0,0,31,57,TRUE,"0,072181774377036","0,999634800158549",1740,825,"0,017537755969033",13542000,23
20220522,183454,binary,custom,TRUE,TRUE,FALSE,-100,999983,-1,0,0,0,31,37,TRUE,"0,119228980176591","0,999797708647513",2520,298,"0,016069265028807",13075000,24
20220522,183526,binary,custom,TRUE,TRUE,FALSE,-100,999983,-1,0,0,0,31,39,TRUE,"0,146170961018533","0,276501925348654",5691,21,"0,019545626366863",13046000,25
20220522,184119,binary,custom,TRUE,TRUE,FALSE,-100,999983,-1,0,0,0,31,460,TRUE,"0,010225380561409","0,889357598328557",984,1024,"0,016265124007877",13627000,26
20220522,184208,binary,custom,TRUE,TRUE,FALSE,-100,999983,-1,0,0,0,31,27,TRUE,"0,087127824851504","0,702229772237875",1011,1007,"0,013575186131666",13110000,27
20220522,184440,binary,custom,TRUE,TRUE,FALSE,-100,999983,-1,0,0,0,31,305,TRUE,"0,010021033579524","0,997632132283648",1649,1024,"0,022585296497837",12815000,28
20220522,184744,binary,custom,TRUE,TRUE,FALSE,-100,999983,-1,0,0,0,31,494,TRUE,"0,010424826695479","0,993057314795386",1483,784,"0,01491638652165",13614000,29
20220522,184949,binary,custom,TRUE,TRUE,FALSE,-100,999983,-1,0,0,0,31,240,TRUE,"0,014235210447843","0,816262230345895",1181,749,"0,01691008322237",13389000,30
20220522,185241,binary,custom,TRUE,TRUE,FALSE,-100,999983,-1,0,0,0,31,59,TRUE,"0,012186987728796","0,999991722881302",12,1002,"0,014797741820647",2970000,31
20220522,185342,binary,custom,TRUE,TRUE,FALSE,-100,999983,-1,0,0,0,31,165,TRUE,"0,040873883294523","0,36345824409457",2725,502,"0,016462271459833",13818000,32
20220522,185417,binary,custom,TRUE,TRUE,FALSE,-100,999983,-1,0,0,0,31,67,TRUE,"0,079013675166247","0,425590155188573",2564,681,"0,015126846585923",13777000,33
20220522,185446,binary,custom,TRUE,TRUE,FALSE,-100,999983,-1,0,0,0,31,63,TRUE,"0,066317510324762","0,981801114577606",2689,658,"0,017859618669805",13234000,34
20220522,185527,binary,custom,TRUE,TRUE,FALSE,-100,999983,-1,0,0,0,31,63,TRUE,"0,054437476947601","0,912189031318366",1293,1001,"0,016685830198759",13071000,35
20220522,185708,binary,custom,TRUE,TRUE,FALSE,-100,999983,-1,0,0,0,31,377,TRUE,"0,056675363555361","0,484005057039782",2629,504,"0,008729495507624",12716000,36
20220522,185737,binary,custom,TRUE,TRUE,FALSE,-100,999983,-1,0,0,0,31,61,TRUE,"0,063431421888763","0,203069288214869",2579,476,"0,021246058841376",12733000,37
20220522,185758,binary,custom,TRUE,TRUE,FALSE,-100,999983,-1,0,0,0,31,33,TRUE,"0,165999465713064","0,352200727871119",2809,675,"0,015309731753603",13202000,38
20220522,185956,binary,custom,TRUE,TRUE,FALSE,-100,999983,-1,0,0,0,31,337,TRUE,"0,015664919853915","0,772197360031971",1985,753,"0,01351418953403",13693000,39
20220522,190210,binary,custom,TRUE,TRUE,FALSE,-100,999983,-1,0,0,0,31,381,TRUE,"0,017229129899244","0,36477751977134",1799,681,"0,011644099912266",13404000,40
20220522,190324,binary,custom,TRUE,TRUE,FALSE,-100,999983,-1,0,0,0,31,164,TRUE,"0,033197623961594","0,487052824069515",2330,779,"0,015070532318106",13929000,41
20220522,190350,binary,custom,TRUE,TRUE,FALSE,-100,999983,-1,0,0,0,31,33,TRUE,"0,107852063394189","0,59739069027542",2203,626,"0,013831995349667",13261000,42
20220522,190430,binary,custom,TRUE,TRUE,FALSE,-100,999983,-1,0,0,0,31,96,TRUE,"0,052811538067248","0,772270832053433",2458,871,"0,014707074448449",13384000,43
20220522,190511,binary,custom,TRUE,TRUE,FALSE,-100,999983,-1,0,0,0,31,129,TRUE,"0,061780761373162","0,209148030902585",1935,898,"0,015736119390732",13159000,44
20220522,190758,binary,custom,TRUE,TRUE,FALSE,-100,999983,-1,0,0,0,31,284,TRUE,"0,01107702779567","0,857639050108343",872,471,"0,013676993173404",13706000,45
20220522,191148,binary,custom,TRUE,TRUE,FALSE,-100,999983,-1,0,0,0,31,511,TRUE,"0,011012387575666","0,916058793850639",754,288,"0,009609520639616",13260000,46
20220522,191208,binary,custom,TRUE,TRUE,FALSE,-100,999983,-1,0,0,0,31,28,TRUE,"0,176070207264431","0,401624782476185",2744,237,"0,016078019175212",12751000,47
20220522,191220,binary,custom,TRUE,TRUE,FALSE,-100,999983,-1,0,0,0,31,24,TRUE,"0,289801007561854","0,842907668533778",7998,847,"0,014725413723773",12643000,48
20220522,191355,binary,custom,TRUE,TRUE,FALSE,-100,999983,-1,0,0,0,31,59,TRUE,"0,014365906323054","0,998831303171648",955,711,"0,011250068165975",13098000,49
20220522,191613,binary,custom,TRUE,TRUE,FALSE,-100,999983,-1,0,0,0,31,243,TRUE,"0,012689906879474","0,997341444958519",1058,378,"0,015700650739822",13297000,50
20220522,192102,binary,custom,TRUE,TRUE,FALSE,-100,999983,-1,0,0,0,31,891,TRUE,"0,010090462467578","0,839897465135495",1652,890,"0,009215662031324",12967000,51
20220522,192337,binary,custom,TRUE,TRUE,FALSE,-100,999983,-1,0,0,0,31,421,TRUE,"0,011438271099843","0,738897691196643",2392,636,"0,016232762263398",13780000,52
20220522,192418,binary,custom,TRUE,TRUE,FALSE,-100,999983,-1,0,0,0,31,92,TRUE,"0,060968235423993","0,901590531119127",1636,548,"0,015408101218942",13472000,53
20220522,192505,binary,custom,TRUE,TRUE,FALSE,-100,999983,-1,0,0,0,31,132,TRUE,"0,053203114039314","0,286675374400721",2414,728,"0,014682327727046",13322000,54
20220522,192714,binary,custom,TRUE,TRUE,FALSE,-100,999983,-1,0,0,0,31,314,TRUE,"0,011334016091453","0,958890569634103",2258,780,"0,017407151361997",13364000,55
20220522,192745,binary,custom,TRUE,TRUE,FALSE,-100,999983,-1,0,0,0,31,54,TRUE,"0,077286300723764","0,83903364470294",1883,601,"0,01573327328149",13454000,56
20220522,193027,binary,custom,TRUE,TRUE,FALSE,-100,999983,-1,0,0,0,31,429,TRUE,"0,01013446231851","0,46105578281997",7994,16,"0,015655866666106",13137000,57
20220522,193413,binary,custom,TRUE,TRUE,FALSE,-100,999983,-1,0,0,0,31,745,TRUE,"0,010132789935579","0,517265476091504",7191,1024,"0,014999301950466",13329000,58
20220522,193746,binary,custom,TRUE,TRUE,FALSE,-100,999983,-1,0,0,0,31,770,TRUE,"0,010492694112564","0,420980418216549",6584,212,"0,015125692719364",13345000,59
20220522,193806,binary,custom,TRUE,TRUE,FALSE,-100,999983,-1,0,0,0,31,30,TRUE,"0,179526294304125","0,496534929051553",6778,798,"0,015247142669065",12922000,60
20220522,194124,binary,custom,TRUE,TRUE,FALSE,-100,999983,-1,0,0,0,31,547,TRUE,"0,010142526025011","0,44160264880568",4365,811,"0,016204147859242",13182000,61
20220522,194407,binary,custom,TRUE,TRUE,FALSE,-100,999983,-1,0,0,0,31,821,TRUE,"0,010067100818161","0,67715619351489",7996,681,"0,014598998126442",12722000,62
20220522,194421,binary,custom,TRUE,TRUE,FALSE,-100,999983,-1,0,0,0,31,31,TRUE,"0,297799610306517","0,200155227039122",7977,1023,"0,016977349114505",13101000,63
20220522,194434,binary,custom,TRUE,TRUE,FALSE,-100,999983,-1,0,0,0,31,27,TRUE,"0,299979081562682","0,201589119660141",7996,19,"0,009491698433468",11608000,64
20220522,194635,binary,custom,TRUE,TRUE,FALSE,-100,999983,-1,0,0,0,31,317,TRUE,"0,014935596077923","0,400255882069132",3669,284,"0,016153783379726",13455000,65
20220522,194702,binary,custom,TRUE,TRUE,FALSE,-100,999983,-1,0,0,0,31,133,TRUE,"0,062551972847693","0,878902100230819",6508,16,"0,016711879259443",12890000,66
20220522,194945,binary,custom,TRUE,TRUE,FALSE,-100,999983,-1,0,0,0,31,234,TRUE,"0,01086329719071","0,367702406711344",793,313,"0,01506566344649",13449000,67
20220522,194955,binary,custom,TRUE,TRUE,FALSE,-100,999983,-1,0,0,0,31,30,TRUE,"0,298386406231851","0,999597088714233",5244,19,"0,015816104173556",12461000,68
20220522,195218,binary,custom,TRUE,TRUE,FALSE,-100,999983,-1,0,0,0,31,580,TRUE,"0,018648304603386","0,40603429935007",7998,1024,"0,027756393566056",12154000,69
20220522,195426,binary,custom,TRUE,TRUE,FALSE,-100,999983,-1,0,0,0,31,717,TRUE,"0,010449212772891","0,43601229438717",5194,16,"0,01706645781574",13092000,70
20220522,195458,binary,custom,TRUE,TRUE,FALSE,-100,999983,-1,0,0,0,31,79,TRUE,"0,090688667222365","0,433349457108298",7269,104,"0,017523201652466",13233000,71
20220522,195512,binary,custom,TRUE,TRUE,FALSE,-100,999983,-1,0,0,0,31,23,TRUE,"0,299950949745756","0,215217941626137",5806,646,"0,014834844221257",13300000,72
20220522,195823,binary,custom,TRUE,TRUE,FALSE,-100,999983,-1,0,0,0,31,612,TRUE,"0,010260470953796","0,412556150420813",5888,653,"0,01648026958958",13226000,73
20220522,200150,binary,custom,TRUE,TRUE,FALSE,-100,999983,-1,0,0,0,31,443,TRUE,"0,010067961561328","0,482928391352433",1673,1024,"0,015813659276867",13444000,74
20220522,200201,binary,custom,TRUE,TRUE,FALSE,-100,999983,-1,0,0,0,31,25,TRUE,"0,100310942735697","0,993785120047321",714,40,"0,015031401540885",12952000,75
20220522,200418,binary,custom,TRUE,TRUE,FALSE,-100,999983,-1,0,0,0,31,379,TRUE,"0,019359098142995","0,515257715493122",2580,540,"0,016006935336674",13713000,76
20220522,200604,binary,custom,TRUE,TRUE,FALSE,-100,999983,-1,0,0,0,31,318,TRUE,"0,012631074755444","0,200138637269335",4282,32,"0,023116049263571",12677000,77
20220522,200645,binary,custom,TRUE,TRUE,FALSE,-100,999983,-1,0,0,0,31,96,TRUE,"0,056135956638719","0,359323277722365",3258,526,"0,015611432387546",13595000,78
20220522,200702,binary,custom,TRUE,TRUE,FALSE,-100,999983,-1,0,0,0,31,14,TRUE,"0,21997850134866","0,479099231934032",6075,35,"0,008346139020176",11180000,79
20220522,200734,binary,custom,TRUE,TRUE,FALSE,-100,999983,-1,0,0,0,31,79,TRUE,"0,059922587146791","0,992362755504233",4039,296,"0,016583851732661",12869000,80
20220522,200945,binary,custom,TRUE,TRUE,FALSE,-100,999983,-1,0,0,0,31,528,TRUE,"0,010148830603429","0,708081942597975",6982,94,"0,015711738219451",13075000,81
20220522,200958,binary,custom,TRUE,TRUE,FALSE,-100,999983,-1,0,0,0,31,25,TRUE,"0,299969231013657","0,214918550315646",7221,1024,"0,017029283531547",12709000,82
20220522,201012,binary,custom,TRUE,TRUE,FALSE,-100,999983,-1,0,0,0,31,17,TRUE,"0,299108368554528","0,202404134091084",4825,286,"0,017518908707462",12825000,83
20220522,201129,binary,custom,TRUE,TRUE,FALSE,-100,999983,-1,0,0,0,31,326,TRUE,"0,027729301784613","0,226330515164525",6461,1001,"0,017407413568257",13142000,84
20220522,201200,binary,custom,TRUE,TRUE,FALSE,-100,999983,-1,0,0,0,31,100,TRUE,"0,085625871207591","0,201939079618429",4016,569,"0,015359173513419",13434000,85
20220522,201308,binary,custom,TRUE,TRUE,FALSE,-100,999983,-1,0,0,0,31,233,TRUE,"0,023890814590276","0,203070209757224",5532,504,"0,015373391521836",13000000,86
20220522,201321,binary,custom,TRUE,TRUE,FALSE,-100,999983,-1,0,0,0,31,19,TRUE,"0,205381570584851","0,997161767438898",5764,776,"0,018755038051151",12957000,87
20220522,201629,binary,custom,TRUE,TRUE,FALSE,-100,999983,-1,0,0,0,31,447,TRUE,"0,011985896775864","0,491662023732862",1983,720,"0,016249599652835",13635000,88
20220522,201702,binary,custom,TRUE,TRUE,FALSE,-100,999983,-1,0,0,0,31,52,TRUE,"0,07699914194497","0,460283756450432",2871,581,"0,015798651590498",13279000,89
20220522,201832,binary,custom,TRUE,TRUE,FALSE,-100,999983,-1,0,0,0,31,325,TRUE,"0,019995151604426","0,200237579109062",3456,578,"0,018333144650371",13317000,90
20220522,202052,binary,custom,TRUE,TRUE,FALSE,-100,999983,-1,0,0,0,31,484,TRUE,"0,011279160801734","0,981680629943213",3363,94,"0,015165685327702",13462000,91
20220522,202108,binary,custom,TRUE,TRUE,FALSE,-100,999983,-1,0,0,0,31,25,TRUE,"0,298044429224166","0,592027607358538",7998,16,"0,026068783724391",12462000,92
20220522,202126,binary,custom,TRUE,TRUE,FALSE,-100,999983,-1,0,0,0,31,49,TRUE,"0,282733437804219","0,207161846328187",3618,701,"0,012134011418277",12283000,93
20220522,202503,binary,custom,TRUE,TRUE,FALSE,-100,999983,-1,0,0,0,31,1083,TRUE,"0,011585881252611","0,218656302858763",4650,446,"0,018188659454247",13070000,94
20220522,202658,binary,custom,TRUE,TRUE,FALSE,-100,999983,-1,0,0,0,31,519,TRUE,"0,014424991928036","0,951979819589679",6599,958,"0,015480156136286",13201000,95
20220522,202834,binary,custom,TRUE,TRUE,FALSE,-100,999983,-1,0,0,0,31,396,TRUE,"0,014670210390348","0,993421743134746",7338,555,"0,008512221501689",11486000,96
20220522,203143,binary,custom,TRUE,TRUE,FALSE,-100,999983,-1,0,0,0,31,529,TRUE,"0,010043053286471","0,553603755221741",6684,591,"0,020166543790203",12955000,97
20220522,203211,binary,custom,TRUE,TRUE,FALSE,-100,999983,-1,0,0,0,31,103,TRUE,"0,131360083307853","0,216576711637461",5106,304,"0,026691518798372",11861000,98
20220522,203229,binary,custom,TRUE,TRUE,FALSE,-100,999983,-1,0,0,0,31,22,TRUE,"0,2367905456185","0,555197648678166",7718,1023,"0,01721122667942",12656000,99
20220522,203518,binary,custom,TRUE,TRUE,FALSE,-100,999983,-1,0,0,0,31,428,TRUE,"0,010123414633806","0,749830901999679",1756,788,"0,015178834003753",13899000,100
20220522,203530,binary,custom,TRUE,TRUE,FALSE,-100,999983,-1,0,0,0,31,22,TRUE,"0,296557340140276","0,780505146135341",6309,1023,"0,017070905600934",12452000,101
20220522,203727,binary,custom,TRUE,TRUE,FALSE,-100,999983,-1,0,0,0,31,764,TRUE,"0,01121861755139","0,339536250465966",3337,16,"0,016579553829543",13453000,102
20220522,203755,binary,custom,TRUE,TRUE,FALSE,-100,999983,-1,0,0,0,31,83,TRUE,"0,087565388280991","0,203967708594352",5755,1024,"0,015166715116087",13464000,103
20220522,204016,binary,custom,TRUE,TRUE,FALSE,-100,999983,-1,0,0,0,31,284,TRUE,"0,010053876492588","0,352055927470221",3942,653,"0,008336891061593",11717000,104
20220522,204037,binary,custom,TRUE,TRUE,FALSE,-100,999983,-1,0,0,0,31,53,TRUE,"0,297719569530705","0,402108274946784",8000,495,"0,017734250162523",12761000,105
20220522,204046,binary,custom,TRUE,TRUE,FALSE,-100,999983,-1,0,0,0,31,40,TRUE,"0,157897961201189","0,986633923968063",3675,17,"0,018236651599311",12583000,106
20220522,204209,binary,custom,TRUE,TRUE,FALSE,-100,999983,-1,0,0,0,31,400,TRUE,"0,02979093789091","0,200132702324238",7999,151,"0,018356603559153",13151000,107
20220522,204227,binary,custom,TRUE,TRUE,FALSE,-100,999983,-1,0,0,0,31,42,TRUE,"0,16852898752292","0,211292228563813",4567,827,"0,01674716550943",12650000,108
20220522,204245,binary,custom,TRUE,TRUE,FALSE,-100,999983,-1,0,0,0,31,8,TRUE,"0,29919037997212","0,995409707263314",934,472,"0,013176691361879",10924000,109
20220522,204338,binary,custom,TRUE,TRUE,FALSE,-100,999983,-1,0,0,0,31,112,TRUE,"0,028172589518509","0,615767227075046",5719,1024,"0,017733567774931",13032000,110
20220522,204400,binary,custom,TRUE,TRUE,FALSE,-100,999983,-1,0,0,0,31,72,TRUE,"0,102770409963805","0,990672115808775",8000,164,"0,019845569927109",12815000,111
20220522,204432,binary,custom,TRUE,TRUE,FALSE,-100,999983,-1,0,0,0,31,86,TRUE,"0,093184394358388","0,355582002920026",7999,1024,"0,014408081192301",13212000,112
20220522,204458,binary,custom,TRUE,TRUE,FALSE,-100,999983,-1,0,0,0,31,68,TRUE,"0,088965501419541","0,200318028967292",3628,141,"0,015210445357072",13675000,113
20220522,204605,binary,custom,TRUE,TRUE,FALSE,-100,999983,-1,0,0,0,31,65,TRUE,"0,027013825484659","0,985351517969952",824,164,"0,014009593921559",13341000,114
20220522,204734,binary,custom,TRUE,TRUE,FALSE,-100,999983,-1,0,0,0,31,177,TRUE,"0,020668487406823","0,41068147757715",2393,823,"0,015541455130824",13533000,115
20220522,204851,binary,custom,TRUE,TRUE,FALSE,-100,999983,-1,0,0,0,31,144,TRUE,"0,034660632150516","0,407649074014634",924,488,"0,013600019009303",13591000,116
20220522,204944,binary,custom,TRUE,TRUE,FALSE,-100,999983,-1,0,0,0,31,429,TRUE,"0,033583221286653","0,278395490580148",607,17,"0,011180742242855",13401000,117
20220522,204957,binary,custom,TRUE,TRUE,FALSE,-100,999983,-1,0,0,0,31,18,TRUE,"0,299774830005427","0,999656421604409",5804,486,"0,016857416767766",12810000,118
20220522,205053,binary,custom,TRUE,TRUE,FALSE,-100,999983,-1,0,0,0,31,161,TRUE,"0,044927214386912","0,369376212578209",4282,130,"0,016466223673397",13327000,119
20220522,205109,binary,custom,TRUE,TRUE,FALSE,-100,999983,-1,0,0,0,31,9,TRUE,"0,295303309566831","0,388689657169546",1869,1024,"0,014284271385124",11967000,120
20220522,205223,binary,custom,TRUE,TRUE,FALSE,-100,999983,-1,0,0,0,31,205,TRUE,"0,034569698795062","0,444398029441258",3522,479,"0,01625484133558",13304000,121
20220522,205324,binary,custom,TRUE,TRUE,FALSE,-100,999983,-1,0,0,0,31,227,TRUE,"0,033795279686865","0,200896752050245",3304,245,"0,014875340914255",13476000,122
20220522,205336,binary,custom,TRUE,TRUE,FALSE,-100,999983,-1,0,0,0,31,72,TRUE,"0,295591713562798","0,232498521862973",3686,16,"0,016202622465863",13140000,123
20220522,205400,binary,custom,TRUE,TRUE,FALSE,-100,999983,-1,0,0,0,31,53,TRUE,"0,079892127450224","0,74181043648069",6410,787,"0,01653562276314",13322000,124
20220522,205412,binary,custom,TRUE,TRUE,FALSE,-100,999983,-1,0,0,0,31,21,TRUE,"0,299088769036253","0,998710283524939",6698,676,"0,017130617662924",12582000,125
20220522,205617,binary,custom,TRUE,TRUE,FALSE,-100,999983,-1,0,0,0,31,418,TRUE,"0,010073223371521","0,999671574424714",5501,148,"0,017302990557274",12792000,126
20220522,205641,binary,custom,TRUE,TRUE,FALSE,-100,999983,-1,0,0,0,31,139,TRUE,"0,030272632796226","0,97327574682899",2391,19,"0,013614866050254",13457000,127
20220522,205923,binary,custom,TRUE,TRUE,FALSE,-100,999983,-1,0,0,0,31,509,TRUE,"0,010320250116387","0,360341812814784",7642,16,"0,030716007427259",11660000,128
20220522,205934,binary,custom,TRUE,TRUE,FALSE,-100,999983,-1,0,0,0,31,44,TRUE,"0,135236828242936","0,200277889354235",3807,16,"0,015295748855764",13251000,129
20220522,205948,binary,custom,TRUE,TRUE,FALSE,-100,999983,-1,0,0,0,31,21,TRUE,"0,299881783203564","0,738438383931125",3829,161,"0,015262036339338",12496000,130
20220522,210018,binary,custom,TRUE,TRUE,FALSE,-100,999983,-1,0,0,0,31,50,TRUE,"0,090946514296395","0,484856610890332",6075,919,"0,015770407030221",13301000,131
20220522,210040,binary,custom,TRUE,TRUE,FALSE,-100,999983,-1,0,0,0,31,30,TRUE,"0,140182946720678","0,549303548337341",8000,230,"0,015784886609954",12930000,132
20220522,210052,binary,custom,TRUE,TRUE,FALSE,-100,999983,-1,0,0,0,31,19,TRUE,"0,29817095010928","0,993271138738829",8000,239,"0,021487502306852",12929000,133
20220522,210112,binary,custom,TRUE,TRUE,FALSE,-100,999983,-1,0,0,0,31,53,TRUE,"0,099596746954638","0,992990124133585",7994,1023,"0,017475190913577",13190000,134
20220522,210350,binary,custom,TRUE,TRUE,FALSE,-100,999983,-1,0,0,0,31,658,TRUE,"0,010083187757407","0,20117870709412",6605,85,"0,016524336284335",13259000,135
20220522,210639,binary,custom,TRUE,TRUE,FALSE,-100,999983,-1,0,0,0,31,563,TRUE,"0,010021897489748","0,340757171233169",7552,321,"0,016295239922509",13184000,136
20220522,210713,binary,custom,TRUE,TRUE,FALSE,-100,999983,-1,0,0,0,31,86,TRUE,"0,086361930782482","0,37358846320401",4994,672,"0,017358274694637",13131000,137
20220522,210739,binary,custom,TRUE,TRUE,FALSE,-100,999983,-1,0,0,0,31,44,TRUE,"0,091653919100281","0,360497036889871",4076,1024,"0,016353830181259",13489000,138
20220522,210754,binary,custom,TRUE,TRUE,FALSE,-100,999983,-1,0,0,0,31,41,TRUE,"0,298804846259765","0,997496542115683",7993,900,"0,04990032063465",7587000,139
20220522,210834,binary,custom,TRUE,TRUE,FALSE,-100,999983,-1,0,0,0,31,65,TRUE,"0,0749479526492","0,504664223992335",1858,794,"0,014879367500648",13228000,140
20220522,210955,binary,custom,TRUE,TRUE,FALSE,-100,999983,-1,0,0,0,31,223,TRUE,"0,031290726190207","0,390453145700592",2328,83,"0,013673308313508",13654000,141
20220522,211044,binary,custom,TRUE,TRUE,FALSE,-100,999983,-1,0,0,0,31,150,TRUE,"0,038309192105198","0,699546264948083",3316,68,"0,014849440263461",13696000,142
20220522,211359,binary,custom,TRUE,TRUE,FALSE,-100,999983,-1,0,0,0,31,948,TRUE,"0,010153604435001","0,200965290114383",7666,897,"0,015887713861027",13158000,143
20220522,211422,binary,custom,TRUE,TRUE,FALSE,-100,999983,-1,0,0,0,31,58,TRUE,"0,096090690050605","0,830436400680043",4733,81,"0,016022795515004",12930000,144
20220522,211452,binary,custom,TRUE,TRUE,FALSE,-100,999983,-1,0,0,0,31,127,TRUE,"0,111840765320663","0,999355742240117",6661,317,"0,016205566765685",12960000,145
20220522,211508,binary,custom,TRUE,TRUE,FALSE,-100,999983,-1,0,0,0,31,31,TRUE,"0,212679426817953","0,999943219930756",4457,1024,"0,01380745818718",12357000,146
20220522,211529,binary,custom,TRUE,TRUE,FALSE,-100,999983,-1,0,0,0,31,61,TRUE,"0,111132482554248","0,999491200222622",6924,1024,"0,013994871423236",12657000,147
20220522,211732,binary,custom,TRUE,TRUE,FALSE,-100,999983,-1,0,0,0,31,478,TRUE,"0,010074029290361","0,859831933433656",7991,1022,"0,015664715651655",12721000,148
20220522,211822,binary,custom,TRUE,TRUE,FALSE,-100,999983,-1,0,0,0,31,194,TRUE,"0,036049311674176","0,999928828350458",7505,813,"0,018213387916963",12864000,149
20220522,211919,binary,custom,TRUE,TRUE,FALSE,-100,999983,-1,0,0,0,31,430,TRUE,"0,010067805096785","0,739576423461032",637,16,"0,012768435393428",13680000,150
20220522,212015,binary,custom,TRUE,TRUE,FALSE,-100,999983,-1,0,0,0,31,54,TRUE,"0,034815906273414","0,734865837996043",831,332,"0,013038904585085",13710000,151
20220522,212033,binary,custom,TRUE,TRUE,FALSE,-100,999983,-1,0,0,0,31,38,TRUE,"0,222714941185975","0,200017383067894",4019,113,"0,016906749016579",12887000,152
20220522,212120,binary,custom,TRUE,TRUE,FALSE,-100,999983,-1,0,0,0,31,134,TRUE,"0,036554614878914","0,20141234721536",4712,1024,"0,022708097777412",12610000,153
20220522,212500,binary,custom,TRUE,TRUE,FALSE,-100,999983,-1,0,0,0,31,667,TRUE,"0,010051335738897","0,473242322852578",6713,775,"0,015952486031115",13150000,154
20220522,212530,binary,custom,TRUE,TRUE,FALSE,-100,999983,-1,0,0,0,31,58,TRUE,"0,171595085496642","0,96965932858455",7999,655,"0,017739431680423",12944000,155
20220522,212550,binary,custom,TRUE,TRUE,FALSE,-100,999983,-1,0,0,0,31,19,TRUE,"0,299184341179626","0,665170256337689",5659,667,"0,015575992793861",12930000,156
20220522,212618,binary,custom,TRUE,TRUE,FALSE,-100,999983,-1,0,0,0,31,28,TRUE,"0,225642036485064","0,26935667398405",3448,1024,"0,016083617094671",12747000,157
20220522,212646,binary,custom,TRUE,TRUE,FALSE,-100,999983,-1,0,0,0,31,31,TRUE,"0,157035850285481","0,200828700334841",6330,511,"0,01558321677067",12996000,158
20220522,212657,binary,custom,TRUE,TRUE,FALSE,-100,999983,-1,0,0,0,31,30,TRUE,"0,299873309395702","0,345505306112316",3960,17,"0,049964844279679",8414000,159
20220522,212741,binary,custom,TRUE,TRUE,FALSE,-100,999983,-1,0,0,0,31,48,TRUE,"0,097820385608774","0,36867336682459",3371,85,"0,015163472292954",13538000,160
20220522,212924,binary,custom,TRUE,TRUE,FALSE,-100,999983,-1,0,0,0,31,146,TRUE,"0,033106894922866","0,686674660122858",2299,670,"0,015423054919756",13934000,161
20220522,213010,binary,custom,TRUE,TRUE,FALSE,-100,999983,-1,0,0,0,31,41,TRUE,"0,099515318938298","0,999400435123891",1776,662,"0,01500419218278",13116000,162
20220522,213141,binary,custom,TRUE,TRUE,FALSE,-100,999983,-1,0,0,0,31,132,TRUE,"0,034521868512001","0,791108959015697",2636,68,"0,0141542019869",13770000,163
20220522,213327,binary,custom,TRUE,TRUE,FALSE,-100,999983,-1,0,0,0,31,121,TRUE,"0,027546261324568","0,744746276051261",2107,61,"0,013723880580364",13440000,164
20220522,213434,binary,custom,TRUE,TRUE,FALSE,-100,999983,-1,0,0,0,31,95,TRUE,"0,074713505709923","0,382190431707086",2316,528,"0,014676356358926",13376000,165
20220522,213609,binary,custom,TRUE,TRUE,FALSE,-100,999983,-1,0,0,0,31,107,TRUE,"0,034004742335181","0,200438846678804",958,1023,"0,014773843834094",13267000,166
20220522,213808,binary,custom,TRUE,TRUE,FALSE,-100,999983,-1,0,0,0,31,173,TRUE,"0,035990760544803","0,559493767693022",2589,647,"0,015578938792547",13703000,167
20220522,213846,binary,custom,TRUE,TRUE,FALSE,-100,999983,-1,0,0,0,31,24,TRUE,"0,120301381864648","0,721835539256688",2572,777,"0,01618299882553",13583000,168
20220522,213936,binary,custom,TRUE,TRUE,FALSE,-100,999983,-1,0,0,0,31,81,TRUE,"0,081492817757919","0,999772508847166",4462,789,"0,01770832190318",12895000,169
20220522,214002,binary,custom,TRUE,TRUE,FALSE,-100,999983,-1,0,0,0,31,26,TRUE,"0,24951427672882","0,287740802785925",8000,704,"0,016679909843398",13135000,170
20220522,214013,binary,custom,TRUE,TRUE,FALSE,-100,999983,-1,0,0,0,31,28,TRUE,"0,299723916222152","0,200901166278199",729,114,"0,008563016763897",10102000,171
20220522,214408,binary,custom,TRUE,TRUE,FALSE,-100,999983,-1,0,0,0,31,522,TRUE,"0,01049764803351","0,875672253184799",6255,517,"0,017581863649975",12959000,172
20220522,214653,binary,custom,TRUE,TRUE,FALSE,-100,999983,-1,0,0,0,31,148,TRUE,"0,018337221676798","0,739076790265335",954,534,"0,013658150599569",13620000,173
20220522,214831,binary,custom,TRUE,TRUE,FALSE,-100,999983,-1,0,0,0,31,160,TRUE,"0,038167033979122","0,747836482877025",2575,392,"0,014766559769658",13628000,174
20220522,215226,binary,custom,TRUE,TRUE,FALSE,-100,999983,-1,0,0,0,31,205,TRUE,"0,010551909619451","0,260842458257176",845,405,"0,012438086706267",13510000,175
20220522,215413,binary,custom,TRUE,TRUE,FALSE,-100,999983,-1,0,0,0,31,136,TRUE,"0,035365895340628","0,448931373987114",2207,773,"0,015603110184885",13497000,176
20220522,215659,binary,custom,TRUE,TRUE,FALSE,-100,999983,-1,0,0,0,31,1154,TRUE,"0,011744310730677","0,488732685828232",749,16,"0,011419722837412",13359000,177
20220522,215743,binary,custom,TRUE,TRUE,FALSE,-100,999983,-1,0,0,0,31,175,TRUE,"0,042910887951919","0,649515712491865",2626,40,"0,013419309960902",14038000,178
20220522,215759,binary,custom,TRUE,TRUE,FALSE,-100,999983,-1,0,0,0,31,93,TRUE,"0,064083738328469","0,707407112361619",2651,16,"0,01317115540787",13795000,179
20220522,215814,binary,custom,TRUE,TRUE,FALSE,-100,999983,-1,0,0,0,31,31,TRUE,"0,299955016640633","0,616155636495838",5622,19,"0,019865595385169",12446000,180
20220522,215927,binary,custom,TRUE,TRUE,FALSE,-100,999983,-1,0,0,0,31,183,TRUE,"0,02414469444399","0,656321079084138",2441,1024,"0,01422521600459",13835000,181
20220522,220101,binary,custom,TRUE,TRUE,FALSE,-100,999983,-1,0,0,0,31,247,TRUE,"0,029003115500308","0,493062154528733",2564,693,"0,014649076885775",13646000,182
20220522,220134,binary,custom,TRUE,TRUE,FALSE,-100,999983,-1,0,0,0,31,56,TRUE,"0,082883198441286","0,591766965431552",2377,1022,"0,015180913258833",13370000,183
20220522,220415,binary,custom,TRUE,TRUE,FALSE,-100,999983,-1,0,0,0,31,757,TRUE,"0,014814000292166","0,200258419194365",4236,1023,"0,015015577113462",13176000,184
20220522,220448,binary,custom,TRUE,TRUE,FALSE,-100,999983,-1,0,0,0,31,63,TRUE,"0,062835361698223","0,662806453139093",2384,781,"0,015690657075564",13935000,185
20220522,220520,binary,custom,TRUE,TRUE,FALSE,-100,999983,-1,0,0,0,31,61,TRUE,"0,115289625872279","0,200840544891787",739,637,"0,012739834646045",12051000,186
20220522,220702,binary,custom,TRUE,TRUE,FALSE,-100,999983,-1,0,0,0,31,814,TRUE,"0,010515731898308","0,200842865836679",1677,18,"0,013631455942125",13928000,187
20220522,220720,binary,custom,TRUE,TRUE,FALSE,-100,999983,-1,0,0,0,31,17,TRUE,"0,299779638059644","0,469663380162018",2659,664,"0,017427064799382",12309000,188
20220522,221003,binary,custom,TRUE,TRUE,FALSE,-100,999983,-1,0,0,0,31,476,TRUE,"0,010328162006108","0,652467625717469",2339,293,"0,016334748736305",13807000,189
20220522,221032,binary,custom,TRUE,TRUE,FALSE,-100,999983,-1,0,0,0,31,89,TRUE,"0,084435882798313","0,201505053113835",5860,198,"0,01650463747143",13533000,190
20220522,221102,binary,custom,TRUE,TRUE,FALSE,-100,999983,-1,0,0,0,31,162,TRUE,"0,032346411640174","0,656450613823882",2630,22,"0,016817243928251",13360000,191
20220522,221602,binary,custom,TRUE,TRUE,FALSE,-100,999983,-1,0,0,0,31,1553,TRUE,"0,010127624540928","0,201451841188632",2672,58,"0,011898664092312",13485000,192
20220522,221646,binary,custom,TRUE,TRUE,FALSE,-100,999983,-1,0,0,0,31,107,TRUE,"0,043633472412844","0,646544722901065",2681,142,"0,012197610708933",13566000,193
20220522,221934,binary,custom,TRUE,TRUE,FALSE,-100,999983,-1,0,0,0,31,457,TRUE,"0,010799760863222","0,653826298376229",1757,495,"0,013938284531339",13868000,194
20220522,222149,binary,custom,TRUE,TRUE,FALSE,-100,999983,-1,0,0,0,31,527,TRUE,"0,010415754036016","0,999253024202242",6412,1023,"0,027085074895761",11727000,195
20220522,222214,binary,custom,TRUE,TRUE,FALSE,-100,999983,-1,0,0,0,31,89,TRUE,"0,135842865251203","0,20007550481766",7997,945,"0,018376697980101",13193000,196
20220522,222305,binary,custom,TRUE,TRUE,FALSE,-100,999983,-1,0,0,0,31,89,TRUE,"0,033536380590312","0,20040076549792",1002,286,"0,013434901092179",13130000,197
20220522,222414,binary,custom,TRUE,TRUE,FALSE,-100,999983,-1,0,0,0,31,89,TRUE,"0,025804755332369","0,362958940091927",1247,1024,"0,011707561156722",13572000,198
20220522,222458,binary,custom,TRUE,TRUE,FALSE,-100,999983,-1,0,0,0,31,53,TRUE,"0,054233234521373","0,62557470435859",1066,1024,"0,019563904041263",13280000,199
20220522,222507,binary,custom,TRUE,TRUE,FALSE,-100,999983,-1,0,0,0,31,35,TRUE,"0,18015799291036","0,999344675982734",793,17,"0,024206465213095",10105000,200
20220522,222804,binary,custom,TRUE,TRUE,FALSE,-100,999983,-1,0,0,0,31,987,TRUE,"0,010508738719906","0,955772264978971",7999,273,"0,024433566422568",12135000,201
20220522,223049,binary,custom,TRUE,TRUE,FALSE,-100,999983,-1,0,0,0,31,600,TRUE,"0,011270285165566","0,597171024075733",7574,16,"0,012303847445636",12884000,202
20220522,223244,binary,custom,TRUE,TRUE,FALSE,-100,999983,-1,0,0,0,31,157,TRUE,"0,013243908614404","0,691140752584078",1098,1024,"0,01186144110992",13677000,203
20220522,223258,binary,custom,TRUE,TRUE,FALSE,-100,999983,-1,0,0,0,31,13,TRUE,"0,298740208546542","0,325151412752861",5567,1024,"0,008348154518368",10473000,204
20220522,223436,binary,custom,TRUE,TRUE,FALSE,-100,999983,-1,0,0,0,31,342,TRUE,"0,020714386117865","0,640943261769874",3568,1024,"0,012368596333155",13638000,205
20220522,223741,binary,custom,TRUE,TRUE,FALSE,-100,999983,-1,0,0,0,31,596,TRUE,"0,010905777844919","0,346481534480549",3548,1024,"0,028989287999878",12220000,206
20220522,223756,binary,custom,TRUE,TRUE,FALSE,-100,999983,-1,0,0,0,31,31,TRUE,"0,299858454065835","0,21133035708051",7998,1024,"0,033111470087135",11271000,207
20220522,223818,binary,custom,TRUE,TRUE,FALSE,-100,999983,-1,0,0,0,31,45,TRUE,"0,291792130213388","0,343825585850836",7995,1023,"0,024697044690983",12275000,208
20220522,223832,binary,custom,TRUE,TRUE,FALSE,-100,999983,-1,0,0,0,31,21,TRUE,"0,299973944753088","0,201044128122362",7996,173,"0,020144805270045",12768000,209
20220522,223859,binary,custom,TRUE,TRUE,FALSE,-100,999983,-1,0,0,0,31,48,TRUE,"0,097704203114986","0,340431400782419",3661,778,"0,017659809455535",13075000,210
20220522,223933,binary,custom,TRUE,TRUE,FALSE,-100,999983,-1,0,0,0,31,92,TRUE,"0,061886295074445","0,895826518347564",3192,43,"0,012071938755829",12967000,211
20220522,223950,binary,custom,TRUE,TRUE,FALSE,-100,999983,-1,0,0,0,31,16,TRUE,"0,282851512103521","0,993528779157255",2069,1018,"0,027638549420789",10012000,212
20220522,224335,binary,custom,TRUE,TRUE,FALSE,-100,999983,-1,0,0,0,31,1096,TRUE,"0,010710661103341","0,201565496958385",5132,1024,"0,038082673708098",10514000,213
20220522,224348,binary,custom,TRUE,TRUE,FALSE,-100,999983,-1,0,0,0,31,27,TRUE,"0,273169423451071","0,999447649265975",7999,616,"0,028918924335233",11121000,214
20220522,224649,binary,custom,TRUE,TRUE,FALSE,-100,999983,-1,0,0,0,31,772,TRUE,"0,010502433742441","0,214776625901105",4591,521,"0,03207803515592",11631000,215
20220522,224746,binary,custom,TRUE,TRUE,FALSE,-100,999983,-1,0,0,0,31,157,TRUE,"0,024935429395395","0,702079833207",4378,1024,"0,015797072253175",13483000,216
20220522,224759,binary,custom,TRUE,TRUE,FALSE,-100,999983,-1,0,0,0,31,27,TRUE,"0,299427183310235","0,273314643639274",6285,16,"0,013342958628979",12679000,217
20220522,224830,binary,custom,TRUE,TRUE,FALSE,-100,999983,-1,0,0,0,31,201,TRUE,"0,02804062975609","0,999235657841542",5103,16,"0,028322106032659",11888000,218
20220522,224849,binary,custom,TRUE,TRUE,FALSE,-100,999983,-1,0,0,0,31,65,TRUE,"0,29415489392707","0,9786898076748",7998,20,"0,04989261637547",7339000,219
20220522,224905,binary,custom,TRUE,TRUE,FALSE,-100,999983,-1,0,0,0,31,26,TRUE,"0,199279897714677","0,722972024439494",4509,615,"0,0177495171684",12356000,220
20220522,224933,binary,custom,TRUE,TRUE,FALSE,-100,999983,-1,0,0,0,31,74,TRUE,"0,077461730859227","0,656717702438703",6098,172,"0,022640137261914",13016000,221
20220522,224947,binary,custom,TRUE,TRUE,FALSE,-100,999983,-1,0,0,0,31,33,TRUE,"0,211501593693806","0,812769329310146",7997,1023,"0,021256741130057",13522000,222
20220522,225003,binary,custom,TRUE,TRUE,FALSE,-100,999983,-1,0,0,0,31,26,TRUE,"0,265675057221139","0,276321816292169",7993,17,"0,035152955313733",10231000,223
20220522,225233,binary,custom,TRUE,TRUE,FALSE,-100,999983,-1,0,0,0,31,355,TRUE,"0,011546834783871","0,229556675870039",1067,943,"0,018625171892253",13301000,224
20220522,225303,binary,custom,TRUE,TRUE,FALSE,-100,999983,-1,0,0,0,31,68,TRUE,"0,114240513887362","0,596878667996442",5488,1024,"0,031131170961973",11612000,225
20220522,225344,binary,custom,TRUE,TRUE,FALSE,-100,999983,-1,0,0,0,31,138,TRUE,"0,04157505781969","0,664155239493978",7984,1024,"0,041070896755613",9890000,226
20220522,225359,binary,custom,TRUE,TRUE,FALSE,-100,999983,-1,0,0,0,31,27,TRUE,"0,177852425329417","0,726167502431071",7994,16,"0,016551784371633",12683000,227
20220522,225436,binary,custom,TRUE,TRUE,FALSE,-100,999983,-1,0,0,0,31,125,TRUE,"0,081353223396147","0,244570603370105",4801,46,"0,013882864392423",13389000,228
20220522,225452,binary,custom,TRUE,TRUE,FALSE,-100,999983,-1,0,0,0,31,34,TRUE,"0,236295254961694","0,200407807145854",5955,1024,"0,020783415630753",12680000,229
20220522,225508,binary,custom,TRUE,TRUE,FALSE,-100,999983,-1,0,0,0,31,32,TRUE,"0,170093862317798","0,896436015930577",7323,935,"0,019370544682826",12844000,230
20220522,225539,binary,custom,TRUE,TRUE,FALSE,-100,999983,-1,0,0,0,31,47,TRUE,"0,08098122508231","0,999830372994705",1715,773,"0,019521097417044",13162000,231
20220522,225556,binary,custom,TRUE,TRUE,FALSE,-100,999983,-1,0,0,0,31,37,TRUE,"0,299381686571012","0,202705038531193",4038,1024,"0,049907396651238",7954000,232
20220522,225627,binary,custom,TRUE,TRUE,FALSE,-100,999983,-1,0,0,0,31,40,TRUE,"0,18225183008284","0,685085558125581",2572,45,"0,013060623908919",12118000,233
20220522,225650,binary,custom,TRUE,TRUE,FALSE,-100,999983,-1,0,0,0,31,30,TRUE,"0,299631488989295","0,999997715261345",6639,55,"0,021808604321569",12236000,234
20220522,225723,binary,custom,TRUE,TRUE,FALSE,-100,999983,-1,0,0,0,31,24,TRUE,"0,299934937339357","0,200761378579469",992,1024,"0,013050519685269",11122000,235
20220522,230049,binary,custom,TRUE,TRUE,FALSE,-100,999983,-1,0,0,0,31,298,TRUE,"0,018474126936622","0,874639017905958",1963,1024,"0,021763728755649",13089000,236
20220522,230320,binary,custom,TRUE,TRUE,FALSE,-100,999983,-1,0,0,0,31,425,TRUE,"0,010121335931637","0,886113557545734",1501,817,"0,013268994148979",13785000,237
20220522,230413,binary,custom,TRUE,TRUE,FALSE,-100,999983,-1,0,0,0,31,238,TRUE,"0,025776993821471","0,601024152647017",2640,18,"0,012295965294193",13833000,238
20220522,232231,binary,custom,TRUE,TRUE,FALSE,-100,999983,-1,0,0,0,31,457,TRUE,"0,010492953127694","0,583483839198607",2327,1018,"0,012602507923077",13905000,239
20220522,232749,binary,custom,TRUE,TRUE,FALSE,-100,999983,-1,0,0,0,31,495,TRUE,"0,010467312005799","0,633055132400394",2403,505,"0,014753478967844",14082000,240
20220522,232811,binary,custom,TRUE,TRUE,FALSE,-100,999983,-1,0,0,0,31,17,TRUE,"0,299855160699041","0,782592479514059",7997,329,"0,020727084868031",13027000,241
20220522,232907,binary,custom,TRUE,TRUE,FALSE,-100,999983,-1,0,0,0,31,221,TRUE,"0,067975761732004","0,291698196689324",7999,35,"0,015477187571006",13245000,242
20220522,232918,binary,custom,TRUE,TRUE,FALSE,-100,999983,-1,0,0,0,31,15,TRUE,"0,297341620149671","0,421273197480314",4396,783,"0,016522787572222",12486000,243
20220522,233119,binary,custom,TRUE,TRUE,FALSE,-100,999983,-1,0,0,0,31,687,TRUE,"0,010510906337303","0,644937429929164",4157,45,"0,013441987275943",13611000,244
20220522,233149,binary,custom,TRUE,TRUE,FALSE,-100,999983,-1,0,0,0,31,57,TRUE,"0,078491809233649","0,577711707976717",5785,55,"0,014469131364854",13318000,245
20220522,233200,binary,custom,TRUE,TRUE,FALSE,-100,999983,-1,0,0,0,31,21,TRUE,"0,2026355360255","0,702857783067436",8000,914,"0,020009591888968",12862000,246
20220522,233212,binary,custom,TRUE,TRUE,FALSE,-100,999983,-1,0,0,0,31,19,TRUE,"0,299281344912393","0,999986336505633",3649,237,"0,02481963533503",11149000,247
20220522,233233,binary,custom,TRUE,TRUE,FALSE,-100,999983,-1,0,0,0,31,51,TRUE,"0,111951065003352","0,288602969811719",3783,204,"0,015097802370833",13834000,248
20220522,233248,binary,custom,TRUE,TRUE,FALSE,-100,999983,-1,0,0,0,31,48,TRUE,"0,269974555032873","0,200471967164982",6992,664,"0,016763585327581",12725000,249
20220522,233304,binary,custom,TRUE,TRUE,FALSE,-100,999983,-1,0,0,0,31,34,TRUE,"0,299903871708983","0,346423238506903",5749,191,"0,015481648573138",12852000,250
20220522,233518,binary,custom,TRUE,TRUE,FALSE,-100,999983,-1,0,0,0,31,714,TRUE,"0,010122739388449","0,20678305965978",7997,520,"0,015425751960345",13253000,251
20220522,233531,binary,custom,TRUE,TRUE,FALSE,-100,999983,-1,0,0,0,31,8,TRUE,"0,045794174077378","0,745581152820959",720,27,"0,008333936672156",12501000,252
20220522,233553,binary,custom,TRUE,TRUE,FALSE,-100,999983,-1,0,0,0,31,67,TRUE,"0,071679424717045","0,224525004183772",2655,200,"0,018514770538252",13472000,253
20220522,233622,binary,custom,TRUE,TRUE,FALSE,-100,999983,-1,0,0,0,31,90,TRUE,"0,062287420951747","0,202273896944544",969,1023,"0,024824362084719",11513000,254
20220522,233633,binary,custom,TRUE,TRUE,FALSE,-100,999983,-1,0,0,0,31,22,TRUE,"0,258558036911444","0,214475062250723",7992,631,"0,01175393070779",12289000,255
20220522,233822,binary,custom,TRUE,TRUE,FALSE,-100,999983,-1,0,0,0,31,379,TRUE,"0,010090434964946","0,655908672934248",2662,520,"0,026675961162806",11985000,256
20220522,233842,binary,custom,TRUE,TRUE,FALSE,-100,999983,-1,0,0,0,31,149,TRUE,"0,067794738857265","0,945171457019205",7947,1024,"0,02280300638614",12744000,257
20220522,233900,binary,custom,TRUE,TRUE,FALSE,-100,999983,-1,0,0,0,31,60,TRUE,"0,064149596769052","0,649094506219866",3913,776,"0,015093276184053",13400000,258
20220522,234129,binary,custom,TRUE,TRUE,FALSE,-100,999983,-1,0,0,0,31,696,TRUE,"0,011074761553285","0,545658696219766",5272,1024,"0,011550810525291",13239000,259
20220522,234309,binary,custom,TRUE,TRUE,FALSE,-100,999983,-1,0,0,0,31,663,TRUE,"0,010106990161641","0,996744622194715",4060,1012,"0,042945553525829",8999000,260
20220522,234458,binary,custom,TRUE,TRUE,FALSE,-100,999983,-1,0,0,0,31,809,TRUE,"0,010271207047378","0,213779575978574",3426,18,"0,034724155078346",11238000,261
20220522,234706,binary,custom,TRUE,TRUE,FALSE,-100,999983,-1,0,0,0,31,352,TRUE,"0,010016484089215","0,991186067439678",1017,1024,"0,032831470260661",10511000,262
20220522,234902,binary,custom,TRUE,TRUE,FALSE,-100,999983,-1,0,0,0,31,982,TRUE,"0,011946442699471","0,989735865077114",3898,18,"0,049997760883379",7634000,263
20220522,234921,binary,custom,TRUE,TRUE,FALSE,-100,999983,-1,0,0,0,31,53,TRUE,"0,110277944969423","0,202029135564701",2587,1023,"0,011238070385347",12973000,264
20220522,234959,binary,custom,TRUE,TRUE,FALSE,-100,999983,-1,0,0,0,31,76,TRUE,"0,050914625941516","0,69322770853839",2644,237,"0,01379041654318",14235000,265
20220522,235028,binary,custom,TRUE,TRUE,FALSE,-100,999983,-1,0,0,0,31,68,TRUE,"0,052429543002284","0,704358604439483",2637,259,"0,01364403251419",13964000,266
20220522,235054,binary,custom,TRUE,TRUE,FALSE,-100,999983,-1,0,0,0,31,44,TRUE,"0,083164263394557","0,606664430950074",3683,217,"0,015130450811659",13124000,267
20220522,235358,binary,custom,TRUE,TRUE,FALSE,-100,999983,-1,0,0,0,31,575,TRUE,"0,010014290304155","0,401223021898197",2651,212,"0,014040410284709",14253000,268
20220522,235408,binary,custom,TRUE,TRUE,FALSE,-100,999983,-1,0,0,0,31,13,TRUE,"0,289422768297052","0,681631110688113",3921,1024,"0,020058053049953",12580000,269
20220522,235602,binary,custom,TRUE,TRUE,FALSE,-100,999983,-1,0,0,0,31,565,TRUE,"0,011734430319867","0,702174215255196",2606,227,"0,013767025636161",13840000,270
20220522,235831,binary,custom,TRUE,TRUE,FALSE,-100,999983,-1,0,0,0,31,546,TRUE,"0,010027940565934","0,42440782505816",2647,227,"0,01351010279318",14051000,271
20220523,24,binary,custom,TRUE,TRUE,FALSE,-100,999983,-1,0,0,0,31,430,TRUE,"0,010023343074501","0,262446274045308",1522,184,"0,014121265425289",13486000,272
20220523,133,binary,custom,TRUE,TRUE,FALSE,-100,999983,-1,0,0,0,31,61,TRUE,"0,025269647314254","0,597689411307511",621,431,"0,013898215234354",13226000,273
20220523,206,binary,custom,TRUE,TRUE,FALSE,-100,999983,-1,0,0,0,31,57,TRUE,"0,053018731392201","0,794440989792283",765,239,"0,01528082362132",13667000,274
20220523,259,binary,custom,TRUE,TRUE,FALSE,-100,999983,-1,0,0,0,31,184,TRUE,"0,039904121553114","0,999962342063381",936,306,"0,008365140546468",12771000,275
20220523,314,binary,custom,TRUE,TRUE,FALSE,-100,999983,-1,0,0,0,31,45,TRUE,"0,113032679714939","0,679091840097995",6668,478,"0,015349995521367",13170000,276
20220523,338,binary,custom,TRUE,TRUE,FALSE,-100,999983,-1,0,0,0,31,101,TRUE,"0,133973428947266","0,426905807514096",5348,1024,"0,01892074149691",12969000,277
20220523,347,binary,custom,TRUE,TRUE,FALSE,-100,999983,-1,0,0,0,31,14,TRUE,"0,299738693349244","0,801760462099046",6058,219,"0,015140871709707",12469000,278
20220523,405,binary,custom,TRUE,TRUE,FALSE,-100,999983,-1,0,0,0,31,97,TRUE,"0,096058031571336","0,790594933798994",7512,37,"0,025933398275369",11897000,279
20220523,417,binary,custom,TRUE,TRUE,FALSE,-100,999983,-1,0,0,0,31,12,TRUE,"0,299618908308254","0,745369409181527",2321,791,"0,015902805268646",12030000,280
20220523,430,binary,custom,TRUE,TRUE,FALSE,-100,999983,-1,0,0,0,31,20,TRUE,"0,299618313550341","0,48573211176953",3941,1023,"0,032295024632572",11246000,281
20220523,501,binary,custom,TRUE,TRUE,FALSE,-100,999983,-1,0,0,0,31,110,TRUE,"0,055591299091198","0,335960906544405",2699,195,"0,014082099368624",14030000,282
20220523,510,binary,custom,TRUE,TRUE,FALSE,-100,999983,-1,0,0,0,31,27,TRUE,"0,251266533328395","0,970230506842876",8000,1019,"0,018831833866981",12772000,283
20220523,524,binary,custom,TRUE,TRUE,FALSE,-100,999983,-1,0,0,0,31,28,TRUE,"0,299612093946093","0,542623597481975",8000,722,"0,025813671147716",12036000,284
20220523,551,binary,custom,TRUE,TRUE,FALSE,-100,999983,-1,0,0,0,31,84,TRUE,"0,050077947104694","0,517586523978061",8000,853,"0,016478851870386",12985000,285
20220523,601,binary,custom,TRUE,TRUE,FALSE,-100,999983,-1,0,0,0,31,10,TRUE,"0,299968475978008","0,27685879188269",3815,196,"0,02824236067719",11175000,286
20220523,859,binary,custom,TRUE,TRUE,FALSE,-100,999983,-1,0,0,0,31,767,TRUE,"0,010180934056211","0,526137522228255",5044,46,"0,038677842189983",10320000,287
20220523,915,binary,custom,TRUE,TRUE,FALSE,-100,999983,-1,0,0,0,31,18,TRUE,"0,296145871112996","0,520773216588427",7998,19,"0,014534391038894",12614000,288
20220523,1201,binary,custom,TRUE,TRUE,FALSE,-100,999983,-1,0,0,0,31,609,TRUE,"0,010218256499135","0,400513629564834",10,16,"0,008942204177792",12916000,289
20220523,1336,binary,custom,TRUE,TRUE,FALSE,-100,999983,-1,0,0,0,31,327,TRUE,"0,010266419378426","0,87508125948344",3834,1024,"0,015216429093335",13555000,290
20220523,1543,binary,custom,TRUE,TRUE,FALSE,-100,999983,-1,0,0,0,31,430,TRUE,"0,010126614599794","0,201124663909742",642,171,"0,049977635408633",7404000,291
20220523,1716,binary,custom,TRUE,TRUE,FALSE,-100,999983,-1,0,0,0,31,600,TRUE,"0,010140067321943","0,815292146229444",5436,1024,"0,012976045654957",13269000,292
20220523,1810,binary,custom,TRUE,TRUE,FALSE,-100,999983,-1,0,0,0,31,299,TRUE,"0,017586968138499","0,999174040380948",5387,809,"0,010649786199477",12537000,293
20220523,1958,binary,custom,TRUE,TRUE,FALSE,-100,999983,-1,0,0,0,31,564,TRUE,"0,013088203074219","0,411546656596404",7999,448,"0,020707676413813",12970000,294
20220523,2050,binary,custom,TRUE,TRUE,FALSE,-100,999983,-1,0,0,0,31,41,TRUE,"0,010048506878973","0,209325543088834",935,16,"0,00873574996763",12500000,295
20220523,2350,binary,custom,TRUE,TRUE,FALSE,-100,999983,-1,0,0,0,31,1183,TRUE,"0,010048277980012","0,2798779212531",2689,29,"0,014033250632908",13527000,296
20220523,2400,binary,custom,TRUE,TRUE,FALSE,-100,999983,-1,0,0,0,31,12,TRUE,"0,299455607513279","0,68394303021346",5130,215,"0,028038193292279",11993000,297
20220523,2440,binary,custom,TRUE,TRUE,FALSE,-100,999983,-1,0,0,0,31,281,TRUE,"0,028012176112677","0,200571858801424",64,16,"0,015636520256801",13093000,298
20220523,2512,binary,custom,TRUE,TRUE,FALSE,-100,999983,-1,0,0,0,31,183,TRUE,"0,028822207964693","0,678872607642831",6563,1023,"0,008390759061762",11147000,299
20220523,2522,binary,custom,TRUE,TRUE,FALSE,-100,999983,-1,0,0,0,31,30,TRUE,"0,296881802844","0,809493365054553",8000,1024,"0,033362598424974",10881000,300
20220523,2539,binary,custom,TRUE,TRUE,FALSE,-100,999983,-1,0,0,0,31,115,TRUE,"0,085013901720389","0,802963591607264",7999,508,"0,015940435200075",13039000,301
20220523,2627,binary,custom,TRUE,TRUE,FALSE,-100,999983,-1,0,0,0,31,192,TRUE,"0,050021522755019","0,39644809320698",6110,16,"0,013890165630883",13267000,302
20220523,2644,binary,custom,TRUE,TRUE,FALSE,-100,999983,-1,0,0,0,31,73,TRUE,"0,071296169624009","0,68310116659715",5116,17,"0,013553201571747",13815000,303
20220523,2719,binary,custom,TRUE,TRUE,FALSE,-100,999983,-1,0,0,0,31,33,TRUE,"0,156944804231246","0,248547267142114",7389,194,"0,015585419977336",12964000,304
20220523,2812,binary,custom,TRUE,TRUE,FALSE,-100,999983,-1,0,0,0,31,89,TRUE,"0,075916864501745","0,519671202164586",6833,16,"0,022429398568371",12763000,305
20220523,2837,binary,custom,TRUE,TRUE,FALSE,-100,999983,-1,0,0,0,31,106,TRUE,"0,047713253350464","0,999889455194099",3051,23,"0,019680360606668",13162000,306
20220523,2848,binary,custom,TRUE,TRUE,FALSE,-100,999983,-1,0,0,0,31,30,TRUE,"0,299957184879615","0,221330723924767",4969,17,"0,013040146123295",13037000,307
20220523,3502,binary,custom,TRUE,TRUE,FALSE,-100,999983,-1,0,0,0,31,602,TRUE,"0,010025683538705","0,533680277534266",3990,1023,"0,015832935339731",13515000,308
20220523,3922,binary,custom,TRUE,TRUE,FALSE,-100,999983,-1,0,0,0,31,616,TRUE,"0,011013490894966","0,62946660996615",7999,219,"0,03189776263907",11332000,309
20220523,4536,binary,custom,TRUE,TRUE,FALSE,-100,999983,-1,0,0,0,31,664,TRUE,"0,010051939514931","0,612265986988172",2399,785,"0,01153592815305",13465000,310
20220523,4635,binary,custom,TRUE,TRUE,FALSE,-100,999983,-1,0,0,0,31,43,TRUE,"0,051820229636738","0,680441917083156",2437,485,"0,015881624691023",13681000,311
20220523,4642,binary,custom,TRUE,TRUE,FALSE,-100,999983,-1,0,0,0,31,5,TRUE,"0,295441351851445","0,967401710936399",141,16,"0,012502370186585",9603000,312
20220523,5232,binary,custom,TRUE,TRUE,FALSE,-100,999983,-1,0,0,0,31,607,TRUE,"0,010099381856164","0,393592500931213",2554,379,"0,01516541317772",13872000,313
20220523,5557,binary,custom,TRUE,TRUE,FALSE,-100,999983,-1,0,0,0,31,29,TRUE,"0,010341802767001","0,897979939517454",1114,578,"0,008370332858263",12251000,314
20220523,5632,binary,custom,TRUE,TRUE,FALSE,-100,999983,-1,0,0,0,31,15,TRUE,"0,219970631128267","0,886196360725658",945,839,"0,015236372832925",11123000,315
20220523,5725,binary,custom,TRUE,TRUE,FALSE,-100,999983,-1,0,0,0,31,82,TRUE,"0,111746006362955","0,385717208160958",4881,954,"0,013996515378473",13197000,316
20220523,5803,binary,custom,TRUE,TRUE,FALSE,-100,999983,-1,0,0,0,31,62,TRUE,"0,126501806765688","0,651803035276581",6439,68,"0,015000265120989",13040000,317
20220523,5830,binary,custom,TRUE,TRUE,FALSE,-100,999983,-1,0,0,0,31,25,TRUE,"0,29838648167841","0,200681401433872",3964,205,"0,013547914166253",12313000,318
20220523,5855,binary,custom,TRUE,TRUE,FALSE,-100,999983,-1,0,0,0,31,24,TRUE,"0,261640825852286","0,237547133282933",5820,409,"0,015853655104884",13088000,319
20220523,5918,binary,custom,TRUE,TRUE,FALSE,-100,999983,-1,0,0,0,31,19,TRUE,"0,29987541611155","0,203157047886619",6250,809,"0,020301207685962",12391000,320
,,,,,,,,,,,,,,,,,,,,,,
,,,,,,,,,,,,,,,,,,,,,,
,,,,,,,,,,,,,,,,,,,,,,
,,,,,,,,,,,,,,,,,,,,,,
,,,,,,,,,,,,,,,,,,,,,,
,,,,,,,,,,,,,,,,,,,,,14253000,
,,,,,,,,,,,,,,,,,,,,,,
,,,,,,,,,,,,,,,,,,,,,,
,fecha,objective,metric,first_metric_only,boost_from_average,feature_pre_filter,verbosity,seed,max_depth,min_gain_to_split,lambda_l1,lambda_l2,max_bin,num_iterations,force_row_wise,learning_rate,feature_fraction,min_data_in_leaf,num_leaves,prob_corte,ganancia,iteracion
20220522,235358,binary,custom,TRUE,TRUE,FALSE,-100,999983,-1,0,0,0,31,575,TRUE,"0,010014290304155","0,401223021898197",2651,212,"0,014040410284709",14253000,268
